[{"model": "auth.permission", "pk": 1, "fields": {"name": "Can add log entry", "content_type": 1, "codename": "add_logentry"}}, {"model": "auth.permission", "pk": 2, "fields": {"name": "Can change log entry", "content_type": 1, "codename": "change_logentry"}}, {"model": "auth.permission", "pk": 3, "fields": {"name": "Can delete log entry", "content_type": 1, "codename": "delete_logentry"}}, {"model": "auth.permission", "pk": 4, "fields": {"name": "Can view log entry", "content_type": 1, "codename": "view_logentry"}}, {"model": "auth.permission", "pk": 5, "fields": {"name": "Can add permission", "content_type": 2, "codename": "add_permission"}}, {"model": "auth.permission", "pk": 6, "fields": {"name": "Can change permission", "content_type": 2, "codename": "change_permission"}}, {"model": "auth.permission", "pk": 7, "fields": {"name": "Can delete permission", "content_type": 2, "codename": "delete_permission"}}, {"model": "auth.permission", "pk": 8, "fields": {"name": "Can view permission", "content_type": 2, "codename": "view_permission"}}, {"model": "auth.permission", "pk": 9, "fields": {"name": "Can add group", "content_type": 3, "codename": "add_group"}}, {"model": "auth.permission", "pk": 10, "fields": {"name": "Can change group", "content_type": 3, "codename": "change_group"}}, {"model": "auth.permission", "pk": 11, "fields": {"name": "Can delete group", "content_type": 3, "codename": "delete_group"}}, {"model": "auth.permission", "pk": 12, "fields": {"name": "Can view group", "content_type": 3, "codename": "view_group"}}, {"model": "auth.permission", "pk": 13, "fields": {"name": "Can add content type", "content_type": 4, "codename": "add_contenttype"}}, {"model": "auth.permission", "pk": 14, "fields": {"name": "Can change content type", "content_type": 4, "codename": "change_contenttype"}}, {"model": "auth.permission", "pk": 15, "fields": {"name": "Can delete content type", "content_type": 4, "codename": "delete_contenttype"}}, {"model": "auth.permission", "pk": 16, "fields": {"name": "Can view content type", "content_type": 4, "codename": "view_contenttype"}}, {"model": "auth.permission", "pk": 17, "fields": {"name": "Can add session", "content_type": 5, "codename": "add_session"}}, {"model": "auth.permission", "pk": 18, "fields": {"name": "Can change session", "content_type": 5, "codename": "change_session"}}, {"model": "auth.permission", "pk": 19, "fields": {"name": "Can delete session", "content_type": 5, "codename": "delete_session"}}, {"model": "auth.permission", "pk": 20, "fields": {"name": "Can view session", "content_type": 5, "codename": "view_session"}}, {"model": "auth.permission", "pk": 21, "fields": {"name": "Can add категория продукта", "content_type": 6, "codename": "add_productcategory"}}, {"model": "auth.permission", "pk": 22, "fields": {"name": "Can change категория продукта", "content_type": 6, "codename": "change_productcategory"}}, {"model": "auth.permission", "pk": 23, "fields": {"name": "Can delete категория продукта", "content_type": 6, "codename": "delete_productcategory"}}, {"model": "auth.permission", "pk": 24, "fields": {"name": "Can view категория продукта", "content_type": 6, "codename": "view_productcategory"}}, {"model": "auth.permission", "pk": 25, "fields": {"name": "Can add продукт", "content_type": 7, "codename": "add_product"}}, {"model": "auth.permission", "pk": 26, "fields": {"name": "Can change продукт", "content_type": 7, "codename": "change_product"}}, {"model": "auth.permission", "pk": 27, "fields": {"name": "Can delete продукт", "content_type": 7, "codename": "delete_product"}}, {"model": "auth.permission", "pk": 28, "fields": {"name": "Can view продукт", "content_type": 7, "codename": "view_product"}}, {"model": "auth.permission", "pk": 29, "fields": {"name": "Can add user", "content_type": 8, "codename": "add_shopuser"}}, {"model": "auth.permission", "pk": 30, "fields": {"name": "Can change user", "content_type": 8, "codename": "change_shopuser"}}, {"model": "auth.permission", "pk": 31, "fields": {"name": "Can delete user", "content_type": 8, "codename": "delete_shopuser"}}, {"model": "auth.permission", "pk": 32, "fields": {"name": "Can view user", "content_type": 8, "codename": "view_shopuser"}}, {"model": "auth.permission", "pk": 33, "fields": {"name": "Can add basket item", "content_type": 9, "codename": "add_basketitem"}}, {"model": "auth.permission", "pk": 34, "fields": {"name": "Can change basket item", "content_type": 9, "codename": "change_basketitem"}}, {"model": "auth.permission", "pk": 35, "fields": {"name": "Can delete basket item", "content_type": 9, "codename": "delete_basketitem"}}, {"model": "auth.permission", "pk": 36, "fields": {"name": "Can view basket item", "content_type": 9, "codename": "view_basketitem"}}, {"model": "auth.permission", "pk": 37, "fields": {"name": "Can add association", "content_type": 10, "codename": "add_association"}}, {"model": "auth.permission", "pk": 38, "fields": {"name": "Can change association", "content_type": 10, "codename": "change_association"}}, {"model": "auth.permission", "pk": 39, "fields": {"name": "Can delete association", "content_type": 10, "codename": "delete_association"}}, {"model": "auth.permission", "pk": 40, "fields": {"name": "Can view association", "content_type": 10, "codename": "view_association"}}, {"model": "auth.permission", "pk": 41, "fields": {"name": "Can add code", "content_type": 11, "codename": "add_code"}}, {"model": "auth.permission", "pk": 42, "fields": {"name": "Can change code", "content_type": 11, "codename": "change_code"}}, {"model": "auth.permission", "pk": 43, "fields": {"name": "Can delete code", "content_type": 11, "codename": "delete_code"}}, {"model": "auth.permission", "pk": 44, "fields": {"name": "Can view code", "content_type": 11, "codename": "view_code"}}, {"model": "auth.permission", "pk": 45, "fields": {"name": "Can add nonce", "content_type": 12, "codename": "add_nonce"}}, {"model": "auth.permission", "pk": 46, "fields": {"name": "Can change nonce", "content_type": 12, "codename": "change_nonce"}}, {"model": "auth.permission", "pk": 47, "fields": {"name": "Can delete nonce", "content_type": 12, "codename": "delete_nonce"}}, {"model": "auth.permission", "pk": 48, "fields": {"name": "Can view nonce", "content_type": 12, "codename": "view_nonce"}}, {"model": "auth.permission", "pk": 49, "fields": {"name": "Can add user social auth", "content_type": 13, "codename": "add_usersocialauth"}}, {"model": "auth.permission", "pk": 50, "fields": {"name": "Can change user social auth", "content_type": 13, "codename": "change_usersocialauth"}}, {"model": "auth.permission", "pk": 51, "fields": {"name": "Can delete user social auth", "content_type": 13, "codename": "delete_usersocialauth"}}, {"model": "auth.permission", "pk": 52, "fields": {"name": "Can view user social auth", "content_type": 13, "codename": "view_usersocialauth"}}, {"model": "auth.permission", "pk": 53, "fields": {"name": "Can add partial", "content_type": 14, "codename": "add_partial"}}, {"model": "auth.permission", "pk": 54, "fields": {"name": "Can change partial", "content_type": 14, "codename": "change_partial"}}, {"model": "auth.permission", "pk": 55, "fields": {"name": "Can delete partial", "content_type": 14, "codename": "delete_partial"}}, {"model": "auth.permission", "pk": 56, "fields": {"name": "Can view partial", "content_type": 14, "codename": "view_partial"}}, {"model": "auth.permission", "pk": 57, "fields": {"name": "Can add shop user profile", "content_type": 15, "codename": "add_shopuserprofile"}}, {"model": "auth.permission", "pk": 58, "fields": {"name": "Can change shop user profile", "content_type": 15, "codename": "change_shopuserprofile"}}, {"model": "auth.permission", "pk": 59, "fields": {"name": "Can delete shop user profile", "content_type": 15, "codename": "delete_shopuserprofile"}}, {"model": "auth.permission", "pk": 60, "fields": {"name": "Can view shop user profile", "content_type": 15, "codename": "view_shopuserprofile"}}, {"model": "auth.permission", "pk": 61, "fields": {"name": "Can add заказ", "content_type": 16, "codename": "add_order"}}, {"model": "auth.permission", "pk": 62, "fields": {"name": "Can change заказ", "content_type": 16, "codename": "change_order"}}, {"model": "auth.permission", "pk": 63, "fields": {"name": "Can delete заказ", "content_type": 16, "codename": "delete_order"}}, {"model": "auth.permission", "pk": 64, "fields": {"name": "Can view заказ", "content_type": 16, "codename": "view_order"}}, {"model": "auth.permission", "pk": 65, "fields": {"name": "Can add order item", "content_type": 17, "codename": "add_orderitem"}}, {"model": "auth.permission", "pk": 66, "fields": {"name": "Can change order item", "content_type": 17, "codename": "change_orderitem"}}, {"model": "auth.permission", "pk": 67, "fields": {"name": "Can delete order item", "content_type": 17, "codename": "delete_orderitem"}}, {"model": "auth.permission", "pk": 68, "fields": {"name": "Can view order item", "content_type": 17, "codename": "view_orderitem"}}, {"model": "sessions.session", "pk": "0d51u9pojr3zke5a8facx5g8ooj9t1vy", "fields": {"session_data": "eyJuZXh0IjoiLyIsInZrLW9hdXRoMl9zdGF0ZSI6IkN0QjJNR0U0R1ZTUFNCMjRwb1lSR2ZMVW5KSUFQM1piIn0:1n9T0d:lF96cX1JH_s2AX6-oYgVksgtlRzEqxrx-WiocjvNxOU", "expire_date": "2022-01-31T14:29:23.001Z"}}, {"model": "sessions.session", "pk": "52cq8pa042r0vuikbl2mx4oav21r6rew", "fields": {"session_data": ".eJxVjEEOwiAQRe_C2pAypQzj0r1nIDMFpGpoUtqV8e7apAvd_vfef6nA21rC1tISpqjOyqvT7yY8PlLdQbxzvc16nOu6TKJ3RR-06esc0_NyuH8HhVv51ow4Wmtd5M4TU2dBHEifemBCjDSAEQDMjiSBGfJAnRALgkFrsmf1_gDKWzcc:1n7YaH:wnWqCTSilph91lh5TFvxoJld9s2R_e8gU2ZvYuMXNQQ", "expire_date": "2022-01-26T08:02:17.972Z"}}, {"model": "sessions.session", "pk": "5j7xg6583pciot3vvmizpnj4mm8cdmd9", "fields": {"session_data": ".eJxVjMEOwiAQRP-FsyGLFGw9evcbyLLsStVAUtqT8d-VpAe9Tea9mZcKuK05bI2XMCd1VkYdfruI9ODSQbpjuVVNtazLHHVX9E6bvtbEz8vu_h1kbLmvASOfgJw3FszRycTmm0YRAEcYJxwJjLNkEYXRxyg8iFgST-gGVO8P7Zk4-Q:1n6uh5:xvcyW4BF4Q-yRgy-alZ9COaZBPJlATcHxf0Y1e_AgVs", "expire_date": "2022-01-24T13:26:39.748Z"}}, {"model": "sessions.session", "pk": "6l6ep7y5zxy7ubqj2x4maarxc4kq7h4i", "fields": {"session_data": "e30:1n9S3x:dzkQ3ptXNB7BLtrPpCmr5MsG5cEYT5jpGamj17XOpdg", "expire_date": "2022-01-31T13:28:45.160Z"}}, {"model": "sessions.session", "pk": "6pvi1u7coywdz2rulbiefd7dc63eg3t0", "fields": {"session_data": "ZGNkOWFhZDJkMjc5NjVkZmViMzUxMmU1ODNhZGI1ZTY1MmNiZjU2NTp7Il9hdXRoX3VzZXJfaWQiOiIxIiwiX2F1dGhfdXNlcl9iYWNrZW5kIjoiZGphbmdvLmNvbnRyaWIuYXV0aC5iYWNrZW5kcy5Nb2RlbEJhY2tlbmQiLCJfYXV0aF91c2VyX2hhc2giOiIzZTg5MDMzYjc4ZjM5MWI4NzI5NzczM2RiYjFjYzlhY2QxOTZjNWVkIn0=", "expire_date": "2021-02-15T18:16:55.402Z"}}, {"model": "sessions.session", "pk": "ib84g72k3s261bl84qzgvautwridic48", "fields": {"session_data": "ZGNkOWFhZDJkMjc5NjVkZmViMzUxMmU1ODNhZGI1ZTY1MmNiZjU2NTp7Il9hdXRoX3VzZXJfaWQiOiIxIiwiX2F1dGhfdXNlcl9iYWNrZW5kIjoiZGphbmdvLmNvbnRyaWIuYXV0aC5iYWNrZW5kcy5Nb2RlbEJhY2tlbmQiLCJfYXV0aF91c2VyX2hhc2giOiIzZTg5MDMzYjc4ZjM5MWI4NzI5NzczM2RiYjFjYzlhY2QxOTZjNWVkIn0=", "expire_date": "2021-02-25T17:30:48.226Z"}}, {"model": "sessions.session", "pk": "jbyzbvs8gu41e6qvzdza46niwvo68c31", "fields": {"session_data": "ZGNkOWFhZDJkMjc5NjVkZmViMzUxMmU1ODNhZGI1ZTY1MmNiZjU2NTp7Il9hdXRoX3VzZXJfaWQiOiIxIiwiX2F1dGhfdXNlcl9iYWNrZW5kIjoiZGphbmdvLmNvbnRyaWIuYXV0aC5iYWNrZW5kcy5Nb2RlbEJhY2tlbmQiLCJfYXV0aF91c2VyX2hhc2giOiIzZTg5MDMzYjc4ZjM5MWI4NzI5NzczM2RiYjFjYzlhY2QxOTZjNWVkIn0=", "expire_date": "2021-02-18T18:10:02.668Z"}}, {"model": "sessions.session", "pk": "jfey38hss72n1rtiyfzhcdvr2vvt1p6i", "fields": {"session_data": "e30:1n9Rxy:AfwJah090uZrhqDIQjjg5AEVBBYlaNY9JdUb62kqgpk", "expire_date": "2022-01-31T13:22:34.385Z"}}, {"model": "sessions.session", "pk": "lmda0oyz31mmyxig4he1xrhv93fe7maw", "fields": {"session_data": "e30:1n9S16:vQG_AJWQ9jhywrbQmatKGpwdDZr90-c3mzbC6-tbm5s", "expire_date": "2022-01-31T13:25:48.529Z"}}, {"model": "sessions.session", "pk": "mhgtlg9c6bubmfv7emalldrwqolullmz", "fields": {"session_data": "ZGNkOWFhZDJkMjc5NjVkZmViMzUxMmU1ODNhZGI1ZTY1MmNiZjU2NTp7Il9hdXRoX3VzZXJfaWQiOiIxIiwiX2F1dGhfdXNlcl9iYWNrZW5kIjoiZGphbmdvLmNvbnRyaWIuYXV0aC5iYWNrZW5kcy5Nb2RlbEJhY2tlbmQiLCJfYXV0aF91c2VyX2hhc2giOiIzZTg5MDMzYjc4ZjM5MWI4NzI5NzczM2RiYjFjYzlhY2QxOTZjNWVkIn0=", "expire_date": "2021-02-15T18:22:38.955Z"}}, {"model": "sessions.session", "pk": "mp5jcw1jka9aab8bve9efz0pdsr3yrxa", "fields": {"session_data": ".eJxVjMEOwiAQRP-FsyGLFGw9evcbyLLsStVAUtqT8d-VpAe9Tea9mZcKuK05bI2XMCd1VkYdfruI9ODSQbpjuVVNtazLHHVX9E6bvtbEz8vu_h1kbLmvASOfgJw3FszRycTmm0YRAEcYJxwJjLNkEYXRxyg8iFgST-gGVO8P7Zk4-Q:1n02bL:_LdjqUVy7kmGB0NPyoSWxZpeDThuJupYNUIqeLfLxxY", "expire_date": "2022-01-05T14:28:19.875Z"}}, {"model": "sessions.session", "pk": "nwncdray29ftc6rp068uxslz1kp4951x", "fields": {"session_data": ".eJxVjMEOwiAQRP-FsyGLFGw9evcbyLLsStVAUtqT8d-VpAe9Tea9mZcKuK05bI2XMCd1VkYdfruI9ODSQbpjuVVNtazLHHVX9E6bvtbEz8vu_h1kbLmvASOfgJw3FszRycTmm0YRAEcYJxwJjLNkEYXRxyg8iFgST-gGVO8P7Zk4-Q:1nCG7h:njUDLTaeKwfsf-aeiKRoNovBtPVwBtzcfYoXIj_7gSQ", "expire_date": "2022-02-08T07:20:13.242Z"}}, {"model": "sessions.session", "pk": "pnx0sy5twkolrzcxcy1k3y84vw4jy28s", "fields": {"session_data": "eyJuZXh0IjoiLyIsInZrLW9hdXRoMl9zdGF0ZSI6IkVkaEY5N2NtTEE3ems2b2dXTEFBWURLdXE3WHlpQjRHIn0:1n9S1k:fjun2XLudFv0OTMotKoM-zGPsaqj1rK8AMEP9aNlvpA", "expire_date": "2022-01-31T13:26:28.806Z"}}, {"model": "sessions.session", "pk": "r2biyez4gjor39dflmy80ef7pqkhy18x", "fields": {"session_data": "e30:1n9S0k:Z4pXxt-45HVYSzyiyYREiTUc4u0wWbb9aWmklikDMIw", "expire_date": "2022-01-31T13:25:26.369Z"}}, {"model": "sessions.session", "pk": "rv2c70fc2vmk41jzpzcplwk117qsbd20", "fields": {"session_data": ".eJxVjEEOwiAQRe_C2hCYAtNx6d4zkJkCUjVtUtqV8e7apAvd_vfef6nI21rj1vISx6TOyhp1-h2Fh0eedpLuPN1mPczTuoyid0UftOnrnPLzcrh_B5Vb_daMODjnQmLTE5NxIAGkyx0wISbyYAUASyDJYH3xZIRYECw6W3pW7w_phDdF:1n80Iy:2tJnhmExOnHxg2jyIi6ZJ1msMf9mXPGGacIoPxpfAE4", "expire_date": "2022-01-27T13:38:16.270Z"}}, {"model": "mainapp.productcategory", "pk": 1, "fields": {"name": "дом", "description": "отличная мебель для домашнего интерьера.", "short_desc": "", "is_active": true}}, {"model": "mainapp.productcategory", "pk": 2, "fields": {"name": "офис", "description": "стильная и надежная офисная мебель нового поколения.", "short_desc": "", "is_active": true}}, {"model": "mainapp.productcategory", "pk": 3, "fields": {"name": "модерн", "description": "мебель в стиле МОДЕРН подойдет для любого интерьера.", "short_desc": "", "is_active": true}}, {"model": "mainapp.productcategory", "pk": 4, "fields": {"name": "классика", "description": "классический стиль актуален в любые времена.", "short_desc": "", "is_active": true}}, {"model": "mainapp.productcategory", "pk": 6, "fields": {"name": "лофт", "description": "старый заброшенный завод", "short_desc": "модный стиль", "is_active": true}}, {"model": "mainapp.product", "pk": 1, "fields": {"category": 1, "name": "комфорт 1", "image": "products_images/product-1.jpg", "description": "подойдет для просмотра фильмов", "short_desc": "комфортный стул", "price": "2989.50", "quantity": 27, "is_active": true}}, {"model": "mainapp.product", "pk": 2, "fields": {"category": 1, "name": "комфорт 2", "image": "products_images/product-2.jpg", "description": "подойдет для общения с друзьями", "short_desc": "очень комфортный стул", "price": "3687.20", "quantity": 31, "is_active": true}}, {"model": "mainapp.product", "pk": 3, "fields": {"category": 1, "name": "люкс", "image": "products_images/product-3.jpg", "description": "для тех, кто стремится к лучшему", "short_desc": "использованы премиальные материалы", "price": "8157.99", "quantity": 7, "is_active": true}}, {"model": "mainapp.product", "pk": 4, "fields": {"category": 2, "name": "стандарт", "image": "products_images/product-4.jpg", "description": "подойдет для любого офиса", "short_desc": "универсальное решение", "price": "1895.25", "quantity": 27, "is_active": true}}, {"model": "mainapp.product", "pk": 5, "fields": {"category": 2, "name": "премиум", "image": "products_images/product-5.jpg", "description": "идеально впишется в строгий интерьер офиса", "short_desc": "улучшенный дизайн", "price": "3587.41", "quantity": 9, "is_active": true}}, {"model": "mainapp.product", "pk": 6, "fields": {"category": 3, "name": "новинка", "image": "products_images/product-6.jpg", "description": "нестандартное решение для современного интерьера", "short_desc": "инновационный дизайн", "price": "5361.47", "quantity": 18, "is_active": true}}, {"model": "mainapp.product", "pk": 7, "fields": {"category": 3, "name": "прогресс", "image": "products_images/product-7.jpg", "description": "функциональное и комфортное решение", "short_desc": "прогрессивный дизайн", "price": "6789.33", "quantity": 13, "is_active": true}}, {"model": "mainapp.product", "pk": 8, "fields": {"category": 4, "name": "венеция", "image": "products_images/product-8.jpg", "description": "окунитесь в европейский комфорт", "short_desc": "классические формы", "price": "4147.51", "quantity": 27, "is_active": true}}, {"model": "mainapp.product", "pk": 9, "fields": {"category": 4, "name": "тоскана", "image": "products_images/product-9.jpg", "description": "почувствуйте комфорт и насладитесь цветовой гаммой", "short_desc": "эргономичная спинка", "price": "7147.35", "quantity": 18, "is_active": true}}, {"model": "mainapp.product", "pk": 10, "fields": {"category": 4, "name": "рим", "image": "products_images/product-10.jpg", "description": "компактность и функциональность", "short_desc": "удачные пропорции", "price": "8357.77", "quantity": 8, "is_active": true}}, {"model": "authapp.shopuser", "pk": 1, "fields": {"password": "pbkdf2_sha256$260000$3LGpS1qse4Vv9bgZ9AmxMe$eis8v9LZSd8wtFVpK1VREXubYOkHHpzNrMTSqiIgDiE=", "last_login": "2022-01-25T07:20:13.210Z", "is_superuser": true, "username": "django", "first_name": "Джанго", "last_name": "Петров", "email": "django@gb.local", "is_staff": true, "is_active": true, "date_joined": "2021-02-01T17:40:21.263Z", "age": 30, "avatar": "avatars/product-2-sm.jpg", "groups": [], "user_permissions": []}}, {"model": "authapp.shopuser", "pk": 2, "fields": {"password": "pbkdf2_sha256$150000$lE5bQkLmkqQB$Zdk3Okl20B5dhUB4TEpjMbVFPgmUrlLvHO9/XhQpd+w=", "last_login": "2021-02-11T17:13:48.510Z", "is_superuser": false, "username": "user1", "first_name": "Иван", "last_name": "", "email": "user1@gb.local", "is_staff": false, "is_active": true, "date_joined": "2021-02-04T16:37:01.502Z", "age": 21, "avatar": "", "groups": [], "user_permissions": []}}, {"model": "authapp.shopuser", "pk": 3, "fields": {"password": "", "last_login": null, "is_superuser": false, "username": "Зинаида", "first_name": "zinaida", "last_name": "", "email": "zinaida@localhost", "is_staff": false, "is_active": false, "date_joined": "2022-01-12T07:20:00.806Z", "age": 62, "avatar": "", "groups": [], "user_permissions": []}}, {"model": "authapp.shopuser", "pk": 4, "fields": {"password": "", "last_login": null, "is_superuser": false, "username": "Зинаида1", "first_name": "zinaida1", "last_name": "", "email": "zinaida1@localhost", "is_staff": false, "is_active": false, "date_joined": "2022-01-12T07:21:45.564Z", "age": 62, "avatar": "", "groups": [], "user_permissions": []}}, {"model": "authapp.shopuser", "pk": 5, "fields": {"password": "", "last_login": null, "is_superuser": false, "username": "Зинаида2", "first_name": "zinaida2", "last_name": "", "email": "zinaida2@localhost", "is_staff": false, "is_active": false, "date_joined": "2022-01-12T07:28:52.245Z", "age": 62, "avatar": "", "groups": [], "user_permissions": []}}, {"model": "authapp.shopuser", "pk": 6, "fields": {"password": "", "last_login": null, "is_superuser": false, "username": "Зинаида3", "first_name": "zinaida3", "last_name": "", "email": "zinaida3@localhost", "is_staff": false, "is_active": false, "date_joined": "2022-01-12T07:32:46.247Z", "age": 62, "avatar": "", "groups": [], "user_permissions": []}}, {"model": "authapp.shopuser", "pk": 7, "fields": {"password": "", "last_login": "2022-01-12T07:53:58.583Z", "is_superuser": false, "username": "Зинаида4", "first_name": "zinaida4", "last_name": "", "email": "zinaida4@localhost", "is_staff": false, "is_active": true, "date_joined": "2022-01-12T07:34:38.459Z", "age": 62, "avatar": "", "groups": [], "user_permissions": []}}, {"model": "authapp.shopuser", "pk": 8, "fields": {"password": "", "last_login": "2022-01-12T08:30:22.206Z", "is_superuser": false, "username": "зинаида5", "first_name": "zinaida5", "last_name": "", "email": "zinaida5@localhost", "is_staff": false, "is_active": true, "date_joined": "2022-01-12T07:54:53.292Z", "age": 62, "avatar": "", "groups": [], "user_permissions": []}}, {"model": "authapp.shopuser", "pk": 9, "fields": {"password": "", "last_login": null, "is_superuser": false, "username": "Зинаида6", "first_name": "zinaida6", "last_name": "", "email": "zinaida6@localhost", "is_staff": false, "is_active": false, "date_joined": "2022-01-13T09:20:55.013Z", "age": 62, "avatar": "", "groups": [], "user_permissions": []}}, {"model": "authapp.shopuser", "pk": 10, "fields": {"password": "", "last_login": "2022-01-13T13:38:16.257Z", "is_superuser": false, "username": "зинаида7", "first_name": "zinaida7", "last_name": "", "email": "zinaida7@localhost", "is_staff": false, "is_active": true, "date_joined": "2022-01-13T09:26:08.236Z", "age": 62, "avatar": "", "groups": [], "user_permissions": []}}, {"model": "authapp.shopuser", "pk": 11, "fields": {"password": "!cLUG45DlfzsMAjr7367Fy2tdXzfRUj4inJUYYL0f", "last_login": null, "is_superuser": false, "username": "boronilov", "first_name": "", "last_name": "", "email": "bor_anatoli8960@mail.ru", "is_staff": false, "is_active": true, "date_joined": "2022-01-17T14:24:51.412Z", "age": 18, "avatar": "", "groups": [], "user_permissions": []}}, {"model": "authapp.shopuser", "pk": 12, "fields": {"password": "!YSQSJZIXx6USbyel4eaIuc47LQrgH2LxWoxeiVBm", "last_login": "2022-01-24T10:13:03.731Z", "is_superuser": false, "username": "boronilov3c76ab9c021141ac", "first_name": "Анатолий", "last_name": "Боронилов", "email": "", "is_staff": false, "is_active": true, "date_joined": "2022-01-18T13:23:37.300Z", "age": 18, "avatar": "", "groups": [], "user_permissions": []}}, {"model": "authapp.shopuserprofile", "pk": 1, "fields": {"user": 1, "tagline": "", "about_me": "", "gender": ""}}, {"model": "authapp.shopuserprofile", "pk": 2, "fields": {"user": 2, "tagline": "", "about_me": "", "gender": ""}}, {"model": "authapp.shopuserprofile", "pk": 3, "fields": {"user": 3, "tagline": "", "about_me": "", "gender": ""}}, {"model": "authapp.shopuserprofile", "pk": 4, "fields": {"user": 4, "tagline": "", "about_me": "", "gender": ""}}, {"model": "authapp.shopuserprofile", "pk": 5, "fields": {"user": 5, "tagline": "", "about_me": "", "gender": ""}}, {"model": "authapp.shopuserprofile", "pk": 6, "fields": {"user": 6, "tagline": "", "about_me": "", "gender": ""}}, {"model": "authapp.shopuserprofile", "pk": 7, "fields": {"user": 7, "tagline": "", "about_me": "", "gender": ""}}, {"model": "authapp.shopuserprofile", "pk": 8, "fields": {"user": 8, "tagline": "", "about_me": "", "gender": ""}}, {"model": "authapp.shopuserprofile", "pk": 9, "fields": {"user": 9, "tagline": "", "about_me": "", "gender": ""}}, {"model": "authapp.shopuserprofile", "pk": 10, "fields": {"user": 10, "tagline": "", "about_me": "", "gender": ""}}, {"model": "authapp.shopuserprofile", "pk": 12, "fields": {"user": 11, "tagline": "", "about_me": "", "gender": ""}}, {"model": "authapp.shopuserprofile", "pk": 13, "fields": {"user": 12, "tagline": "", "about_me": "Не пью алкоголь, не беру\\даю деньги в долг, не бью женщин, не играю на деньги, не жду слишком много от людей\n", "gender": "M"}}, {"model": "basketapp.basketitem", "pk": 11, "fields": {"user": 10, "product": 1, "quantity": 1, "add_dt": "2022-01-13T14:06:37.695Z", "update_dt": "2022-01-13T14:06:37.713Z"}}, {"model": "basketapp.basketitem", "pk": 19, "fields": {"user": 12, "product": 8, "quantity": 1, "add_dt": "2022-01-25T07:18:29.524Z", "update_dt": "2022-01-25T07:19:15.707Z"}}, {"model": "basketapp.basketitem", "pk": 22, "fields": {"user": 1, "product": 8, "quantity": 1, "add_dt": "2022-01-25T12:44:47.193Z", "update_dt": "2022-01-25T12:44:47.229Z"}}, {"model": "ordersapp.order", "pk": 1, "fields": {"user": 12, "created": "2022-01-20T08:45:43.488Z", "updated": "2022-01-20T08:48:19.918Z", "status": "FM", "is_active": false}}, {"model": "ordersapp.order", "pk": 2, "fields": {"user": 12, "created": "2022-01-20T09:05:02.654Z", "updated": "2022-01-20T09:49:25.281Z", "status": "STP", "is_active": true}}, {"model": "ordersapp.order", "pk": 3, "fields": {"user": 12, "created": "2022-01-21T14:56:06.509Z", "updated": "2022-01-21T14:56:06.531Z", "status": "", "is_active": true}}, {"model": "ordersapp.order", "pk": 4, "fields": {"user": 12, "created": "2022-01-21T14:56:33.125Z", "updated": "2022-01-21T14:56:33.146Z", "status": "", "is_active": true}}, {"model": "ordersapp.order", "pk": 5, "fields": {"user": 12, "created": "2022-01-21T15:01:48.451Z", "updated": "2022-01-21T15:01:48.472Z", "status": "", "is_active": true}}, {"model": "ordersapp.order", "pk": 6, "fields": {"user": 12, "created": "2022-01-21T15:07:07.920Z", "updated": "2022-01-21T15:07:07.952Z", "status": "", "is_active": false}}, {"model": "ordersapp.order", "pk": 7, "fields": {"user": 12, "created": "2022-01-21T15:07:12.744Z", "updated": "2022-01-21T15:07:12.774Z", "status": "", "is_active": false}}, {"model": "ordersapp.order", "pk": 8, "fields": {"user": 12, "created": "2022-01-21T15:44:03.614Z", "updated": "2022-01-21T15:44:03.631Z", "status": "", "is_active": true}}, {"model": "ordersapp.order", "pk": 9, "fields": {"user": 12, "created": "2022-01-21T15:48:58.889Z", "updated": "2022-01-24T10:07:44.991Z", "status": "FM", "is_active": false}}, {"model": "ordersapp.order", "pk": 10, "fields": {"user": 1, "created": "2022-01-24T10:11:48.075Z", "updated": "2022-01-24T10:11:48.098Z", "status": "FM", "is_active": true}}, {"model": "ordersapp.order", "pk": 11, "fields": {"user": 12, "created": "2022-01-24T10:35:26.914Z", "updated": "2022-01-24T10:35:26.936Z", "status": "FM", "is_active": true}}, {"model": "ordersapp.order", "pk": 12, "fields": {"user": 12, "created": "2022-01-24T10:51:51.746Z", "updated": "2022-01-24T10:51:51.768Z", "status": "FM", "is_active": true}}, {"model": "ordersapp.order", "pk": 13, "fields": {"user": 1, "created": "2022-01-25T07:24:31.343Z", "updated": "2022-01-25T07:24:57.288Z", "status": "FM", "is_active": false}}, {"model": "ordersapp.order", "pk": 14, "fields": {"user": 1, "created": "2022-01-25T07:27:14.943Z", "updated": "2022-01-25T07:27:14.963Z", "status": "FM", "is_active": true}}, {"model": "ordersapp.order", "pk": 15, "fields": {"user": 1, "created": "2022-01-25T07:45:46.057Z", "updated": "2022-01-25T07:45:46.088Z", "status": "FM", "is_active": false}}, {"model": "ordersapp.order", "pk": 16, "fields": {"user": 1, "created": "2022-01-25T07:47:08.245Z", "updated": "2022-01-25T07:47:21.695Z", "status": "FM", "is_active": true}}, {"model": "ordersapp.order", "pk": 17, "fields": {"user": 1, "created": "2022-01-25T08:33:53.113Z", "updated": "2022-01-25T08:34:06.923Z", "status": "FM", "is_active": true}}, {"model": "ordersapp.order", "pk": 18, "fields": {"user": 1, "created": "2022-01-25T08:46:48.575Z", "updated": "2022-01-25T09:23:16.772Z", "status": "FM", "is_active": true}}, {"model": "ordersapp.order", "pk": 19, "fields": {"user": 1, "created": "2022-01-25T12:27:57.810Z", "updated": "2022-01-25T12:28:16.739Z", "status": "FM", "is_active": true}}, {"model": "ordersapp.orderitem", "pk": 1, "fields": {"order": 1, "product": 2, "quantity": 1}}, {"model": "ordersapp.orderitem", "pk": 2, "fields": {"order": 2, "product": 2, "quantity": 1}}, {"model": "ordersapp.orderitem", "pk": 3, "fields": {"order": 3, "product": 5, "quantity": 2}}, {"model": "ordersapp.orderitem", "pk": 4, "fields": {"order": 4, "product": 7, "quantity": 3}}, {"model": "ordersapp.orderitem", "pk": 5, "fields": {"order": 5, "product": 5, "quantity": 1}}, {"model": "ordersapp.orderitem", "pk": 6, "fields": {"order": 8, "product": 3, "quantity": 2}}, {"model": "ordersapp.orderitem", "pk": 7, "fields": {"order": 9, "product": 2, "quantity": 4}}, {"model": "ordersapp.orderitem", "pk": 8, "fields": {"order": 9, "product": 8, "quantity": 2}}, {"model": "ordersapp.orderitem", "pk": 9, "fields": {"order": 10, "product": 3, "quantity": 4}}, {"model": "ordersapp.orderitem", "pk": 10, "fields": {"order": 11, "product": 2, "quantity": 1}}, {"model": "ordersapp.orderitem", "pk": 11, "fields": {"order": 12, "product": 3, "quantity": 2}}, {"model": "ordersapp.orderitem", "pk": 12, "fields": {"order": 13, "product": 2, "quantity": 3}}, {"model": "ordersapp.orderitem", "pk": 13, "fields": {"order": 14, "product": 6, "quantity": 3}}, {"model": "ordersapp.orderitem", "pk": 14, "fields": {"order": 16, "product": 5, "quantity": 4}}, {"model": "ordersapp.orderitem", "pk": 15, "fields": {"order": 17, "product": 6, "quantity": 2}}, {"model": "ordersapp.orderitem", "pk": 16, "fields": {"order": 18, "product": 5, "quantity": 3}}, {"model": "ordersapp.orderitem", "pk": 17, "fields": {"order": 19, "product": 6, "quantity": 3}}, {"model": "social_django.usersocialauth", "pk": 2, "fields": {"user": 12, "provider": "vk-oauth2", "uid": "7972582", "extra_data": "{\"auth_time\": 1643019183, \"id\": 7972582, \"expires\": 86400, \"access_token\": \"b8454c3613e9d02165fa219fd32000fd0dfeb24cd6542d3e418029d8c8feae0beb7072529fa17ca3ead4d\", \"token_type\": null}", "created": "2022-01-18T13:23:37.323Z", "modified": "2022-01-24T10:13:03.495Z"}}]